<manifest alg="2" build="2018.1.0.386" opt="false" iceEnabled="true" iceMarkupVersion="2" iceEnabledOptions="link,responsive,cachebuster,textStyling" exportTarget="other" domain="swap.digikadv.com" resolutions="1x" timestamp="1548005759994">
  <folder name="css">
    <file name="site_global.css" crc="4007267860"/>
    <file name="master_a-master.css" crc="4108999578" ref="requests:products-details:contact-us:blog:index:sign-up:log-in:blog-details:about-us:products"/>
    <file name="nomq_preview_master_a-master.css" crc="103259810" ref="requests:products-details:contact-us:blog:index:sign-up:log-in:blog-details:about-us:products"/>
    <file name="requests.css" crc="109931543" ref="requests"/>
    <file name="nomq_requests.css" crc="164857041" ref="requests"/>
    <file name="products-details.css" crc="3987604664" ref="products-details"/>
    <file name="nomq_products-details.css" crc="334028422" ref="products-details"/>
    <file name="contact-us.css" crc="310246017" ref="contact-us"/>
    <file name="nomq_contact-us.css" crc="4243091222" ref="contact-us"/>
    <file name="blog.css" crc="350634080" ref="blog"/>
    <file name="nomq_blog.css" crc="298098124" ref="blog"/>
    <file name="index.css" crc="267159628" ref="index"/>
    <file name="nomq_index.css" crc="273577666" ref="index"/>
    <file name="sign-up.css" crc="4059364605" ref="sign-up"/>
    <file name="nomq_sign-up.css" crc="199364663" ref="sign-up"/>
    <file name="log-in.css" crc="246001264" ref="log-in"/>
    <file name="nomq_log-in.css" crc="3978992774" ref="log-in"/>
    <file name="blog-details.css" crc="140906823" ref="blog-details"/>
    <file name="nomq_blog-details.css" crc="4025235852" ref="blog-details"/>
    <file name="about-us.css" crc="96551108" ref="about-us"/>
    <file name="nomq_about-us.css" crc="4290518812" ref="about-us"/>
    <file name="products.css" crc="3902314644" ref="products"/>
    <file name="nomq_products.css" crc="302425138" ref="products"/>
  </folder>
  <folder name="scripts">
    <file name="jquery-1.8.3.min.js" crc="209076791" ref="index:about-us:products:blog:contact-us:products-details:blog-details:log-in:requests:sign-up"/>
    <file name="museutils.js" crc="340535759" ref="index:about-us:products:blog:contact-us:products-details:blog-details:log-in:requests:sign-up"/>
    <file name="whatinput.js" crc="86476730" ref="index:about-us:products:blog:contact-us:products-details:blog-details:log-in:requests:sign-up"/>
    <file name="museconfig.js" crc="4286661555" ref="index:about-us:products:blog:contact-us:products-details:blog-details:log-in:requests:sign-up"/>
    <file name="jquery.musemenu.js" crc="510910590" ref="index:about-us:products:blog:contact-us:products-details:blog-details:log-in:requests:sign-up"/>
    <file name="jquery.watch.js" crc="51536988" ref="index:about-us:products:blog:contact-us:products-details:blog-details:log-in:requests:sign-up"/>
    <file name="jquery.musepolyfill.bgsize.js" crc="4260645839" ref="index:about-us:products:blog:contact-us:products-details:blog-details:log-in:requests:sign-up"/>
    <file name="webpro.js" crc="4059564322" ref="index:about-us:products:blog:contact-us:products-details:blog-details:log-in:requests:sign-up"/>
    <file name="musewpslideshow.js" crc="3862962738" ref="index:about-us:products-details"/>
    <file name="jquery.museoverlay.js" crc="4147669564" ref="index:about-us:products-details"/>
    <file name="touchswipe.js" crc="4075097462" ref="index:about-us:products-details"/>
    <file name="form_check.php" crc="4020933626" ref="index"/>
    <file name="form_throttle.php" crc="4259590256" ref="index"/>
    <file name="form_process.php" crc="37464564" ref="index"/>
    <file name="form-u70006.php" crc="4202315007" ref="index"/>
    <file name="musewpdisclosure.js" crc="3883500470" ref="index:about-us:products:blog:contact-us:products-details:blog-details:log-in:requests:sign-up"/>
    <file name="html5shiv.js" crc="4241844378" ref="index:about-us:products:blog:contact-us:products-details:blog-details:log-in:requests:sign-up"/>
    <file name="jquery.museresponsive.js" crc="527716135" ref="index:about-us:products:blog:contact-us:products-details:blog-details:log-in:requests:sign-up"/>
    <file name="require.js" crc="7928878" ref="index:about-us:products:blog:contact-us:products-details:blog-details:log-in:requests:sign-up"/>
    <file name="form-u4497.php" crc="4837567" ref="about-us"/>
    <file name="form-u3734.php" crc="3926636813" ref="contact-us"/>
    <file name="form-u55226.php" crc="12160855" ref="blog-details"/>
    <file name="form-u55243.php" crc="3851761261" ref="blog-details"/>
    <file name="form-u81334.php" crc="203342809" ref="log-in"/>
    <file name="form-u83872.php" crc="3792910145" ref="sign-up"/>
  </folder>
  <folder name="images">
    <file name="favicon.ico" crc="4001905056" ref="index"/>
    <file name="logo.png" crc="4235500168" seo="true" ref="index:about-us:products:blog:contact-us:products-details:blog-details:log-in:requests:sign-up">
      <caption webpage="products-details" alt=""/>
      <caption webpage="products-details" alt=""/>
      <caption webpage="products-details" alt=""/>
      <caption webpage="products-details" alt=""/>
      <caption webpage="products-details" alt=""/>
      <caption webpage="products-details" alt=""/>
      <caption webpage="requests" alt=""/>
      <caption webpage="requests" alt=""/>
      <caption webpage="requests" alt=""/>
      <caption webpage="requests" alt=""/>
      <caption webpage="requests" alt=""/>
      <caption webpage="requests" alt=""/>
      <caption webpage="blog" alt=""/>
      <caption webpage="blog" alt=""/>
      <caption webpage="blog" alt=""/>
      <caption webpage="blog" alt=""/>
      <caption webpage="blog" alt=""/>
      <caption webpage="blog" alt=""/>
      <caption webpage="log-in" alt=""/>
      <caption webpage="log-in" alt=""/>
      <caption webpage="log-in" alt=""/>
      <caption webpage="log-in" alt=""/>
      <caption webpage="log-in" alt=""/>
      <caption webpage="log-in" alt=""/>
      <caption webpage="index" alt=""/>
      <caption webpage="index" alt=""/>
      <caption webpage="index" alt=""/>
      <caption webpage="index" alt=""/>
      <caption webpage="index" alt=""/>
      <caption webpage="index" alt=""/>
      <caption webpage="sign-up" alt=""/>
      <caption webpage="sign-up" alt=""/>
      <caption webpage="sign-up" alt=""/>
      <caption webpage="sign-up" alt=""/>
      <caption webpage="sign-up" alt=""/>
      <caption webpage="sign-up" alt=""/>
      <caption webpage="blog-details" alt=""/>
      <caption webpage="blog-details" alt=""/>
      <caption webpage="blog-details" alt=""/>
      <caption webpage="blog-details" alt=""/>
      <caption webpage="blog-details" alt=""/>
      <caption webpage="blog-details" alt=""/>
      <caption webpage="products" alt=""/>
      <caption webpage="products" alt=""/>
      <caption webpage="products" alt=""/>
      <caption webpage="products" alt=""/>
      <caption webpage="products" alt=""/>
      <caption webpage="products" alt=""/>
      <caption webpage="contact-us" alt=""/>
      <caption webpage="contact-us" alt=""/>
      <caption webpage="contact-us" alt=""/>
      <caption webpage="contact-us" alt=""/>
      <caption webpage="contact-us" alt=""/>
      <caption webpage="contact-us" alt=""/>
      <caption webpage="about-us" alt=""/>
      <caption webpage="about-us" alt=""/>
      <caption webpage="about-us" alt=""/>
      <caption webpage="about-us" alt=""/>
      <caption webpage="about-us" alt=""/>
      <caption webpage="about-us" alt=""/>
    </file>
    <file name="product-cart.png" crc="4191235462" ref="index">
      <caption webpage="index" alt=""/>
      <caption webpage="index" alt=""/>
      <caption webpage="index" alt=""/>
      <caption webpage="index" alt=""/>
      <caption webpage="index" alt=""/>
      <caption webpage="index" alt=""/>
    </file>
    <file name="blank.gif" crc="4208392903" ref="index:about-us:products:blog:contact-us:products-details:blog-details:log-in:requests:sign-up"/>
    <file name="slider-im.png" crc="283006930" seo="true" ref="index">
      <caption webpage="index" alt=""/>
      <caption webpage="index" alt=""/>
    </file>
    <file name="free-shipping-icon.png" crc="246050679" ref="index">
      <caption webpage="index" alt=""/>
      <caption webpage="index" alt=""/>
      <caption webpage="index" alt=""/>
      <caption webpage="index" alt=""/>
      <caption webpage="index" alt=""/>
      <caption webpage="index" alt=""/>
      <caption webpage="index" alt=""/>
      <caption webpage="index" alt=""/>
      <caption webpage="index" alt=""/>
      <caption webpage="index" alt=""/>
      <caption webpage="index" alt=""/>
      <caption webpage="index" alt=""/>
    </file>
    <file name="customer-support-icon.png" crc="145130256" ref="index">
      <caption webpage="index" alt=""/>
      <caption webpage="index" alt=""/>
      <caption webpage="index" alt=""/>
      <caption webpage="index" alt=""/>
      <caption webpage="index" alt=""/>
      <caption webpage="index" alt=""/>
      <caption webpage="index" alt=""/>
      <caption webpage="index" alt=""/>
      <caption webpage="index" alt=""/>
      <caption webpage="index" alt=""/>
      <caption webpage="index" alt=""/>
      <caption webpage="index" alt=""/>
    </file>
    <file name="partner-icon.png" crc="455517947" ref="index">
      <caption webpage="index" alt=""/>
      <caption webpage="index" alt=""/>
      <caption webpage="index" alt=""/>
      <caption webpage="index" alt=""/>
      <caption webpage="index" alt=""/>
      <caption webpage="index" alt=""/>
      <caption webpage="index" alt=""/>
      <caption webpage="index" alt=""/>
      <caption webpage="index" alt=""/>
      <caption webpage="index" alt=""/>
      <caption webpage="index" alt=""/>
      <caption webpage="index" alt=""/>
    </file>
    <file name="made-with-love-icon.png" crc="218137371" ref="index">
      <caption webpage="index" alt=""/>
      <caption webpage="index" alt=""/>
      <caption webpage="index" alt=""/>
      <caption webpage="index" alt=""/>
      <caption webpage="index" alt=""/>
      <caption webpage="index" alt=""/>
      <caption webpage="index" alt=""/>
      <caption webpage="index" alt=""/>
      <caption webpage="index" alt=""/>
      <caption webpage="index" alt=""/>
      <caption webpage="index" alt=""/>
      <caption webpage="index" alt=""/>
    </file>
    <file name="top-phone-icon.png" crc="4073117775" seo="true" ref="index:about-us:products:blog:contact-us:products-details:blog-details:log-in:requests:sign-up">
      <caption webpage="products-details" alt=""/>
      <caption webpage="products-details" alt=""/>
      <caption webpage="products-details" alt=""/>
      <caption webpage="products-details" alt=""/>
      <caption webpage="requests" alt=""/>
      <caption webpage="requests" alt=""/>
      <caption webpage="requests" alt=""/>
      <caption webpage="requests" alt=""/>
      <caption webpage="blog" alt=""/>
      <caption webpage="blog" alt=""/>
      <caption webpage="blog" alt=""/>
      <caption webpage="blog" alt=""/>
      <caption webpage="log-in" alt=""/>
      <caption webpage="log-in" alt=""/>
      <caption webpage="log-in" alt=""/>
      <caption webpage="log-in" alt=""/>
      <caption webpage="index" alt=""/>
      <caption webpage="index" alt=""/>
      <caption webpage="index" alt=""/>
      <caption webpage="index" alt=""/>
      <caption webpage="sign-up" alt=""/>
      <caption webpage="sign-up" alt=""/>
      <caption webpage="sign-up" alt=""/>
      <caption webpage="sign-up" alt=""/>
      <caption webpage="blog-details" alt=""/>
      <caption webpage="blog-details" alt=""/>
      <caption webpage="blog-details" alt=""/>
      <caption webpage="blog-details" alt=""/>
      <caption webpage="products" alt=""/>
      <caption webpage="products" alt=""/>
      <caption webpage="products" alt=""/>
      <caption webpage="products" alt=""/>
      <caption webpage="contact-us" alt=""/>
      <caption webpage="contact-us" alt=""/>
      <caption webpage="contact-us" alt=""/>
      <caption webpage="contact-us" alt=""/>
      <caption webpage="about-us" alt=""/>
      <caption webpage="about-us" alt=""/>
      <caption webpage="about-us" alt=""/>
      <caption webpage="about-us" alt=""/>
    </file>
    <file name="top-envolp-icon.png" crc="3768794769" seo="true" ref="index:about-us:products:blog:contact-us:products-details:blog-details:log-in:requests:sign-up">
      <caption webpage="products-details" alt=""/>
      <caption webpage="products-details" alt=""/>
      <caption webpage="products-details" alt=""/>
      <caption webpage="products-details" alt=""/>
      <caption webpage="products-details" alt=""/>
      <caption webpage="products-details" alt=""/>
      <caption webpage="requests" alt=""/>
      <caption webpage="requests" alt=""/>
      <caption webpage="requests" alt=""/>
      <caption webpage="requests" alt=""/>
      <caption webpage="requests" alt=""/>
      <caption webpage="requests" alt=""/>
      <caption webpage="blog" alt=""/>
      <caption webpage="blog" alt=""/>
      <caption webpage="blog" alt=""/>
      <caption webpage="blog" alt=""/>
      <caption webpage="blog" alt=""/>
      <caption webpage="blog" alt=""/>
      <caption webpage="log-in" alt=""/>
      <caption webpage="log-in" alt=""/>
      <caption webpage="log-in" alt=""/>
      <caption webpage="log-in" alt=""/>
      <caption webpage="log-in" alt=""/>
      <caption webpage="log-in" alt=""/>
      <caption webpage="index" alt=""/>
      <caption webpage="index" alt=""/>
      <caption webpage="index" alt=""/>
      <caption webpage="index" alt=""/>
      <caption webpage="index" alt=""/>
      <caption webpage="index" alt=""/>
      <caption webpage="sign-up" alt=""/>
      <caption webpage="sign-up" alt=""/>
      <caption webpage="sign-up" alt=""/>
      <caption webpage="sign-up" alt=""/>
      <caption webpage="sign-up" alt=""/>
      <caption webpage="sign-up" alt=""/>
      <caption webpage="blog-details" alt=""/>
      <caption webpage="blog-details" alt=""/>
      <caption webpage="blog-details" alt=""/>
      <caption webpage="blog-details" alt=""/>
      <caption webpage="blog-details" alt=""/>
      <caption webpage="blog-details" alt=""/>
      <caption webpage="products" alt=""/>
      <caption webpage="products" alt=""/>
      <caption webpage="products" alt=""/>
      <caption webpage="products" alt=""/>
      <caption webpage="products" alt=""/>
      <caption webpage="products" alt=""/>
      <caption webpage="contact-us" alt=""/>
      <caption webpage="contact-us" alt=""/>
      <caption webpage="contact-us" alt=""/>
      <caption webpage="contact-us" alt=""/>
      <caption webpage="contact-us" alt=""/>
      <caption webpage="contact-us" alt=""/>
      <caption webpage="about-us" alt=""/>
      <caption webpage="about-us" alt=""/>
      <caption webpage="about-us" alt=""/>
      <caption webpage="about-us" alt=""/>
      <caption webpage="about-us" alt=""/>
      <caption webpage="about-us" alt=""/>
    </file>
    <file name="country-flag.jpg" crc="3866399448" seo="true" ref="index:about-us:products:blog:contact-us:products-details:blog-details:log-in:requests:sign-up">
      <caption webpage="products-details" alt=""/>
      <caption webpage="products-details" alt=""/>
      <caption webpage="requests" alt=""/>
      <caption webpage="requests" alt=""/>
      <caption webpage="blog" alt=""/>
      <caption webpage="blog" alt=""/>
      <caption webpage="log-in" alt=""/>
      <caption webpage="log-in" alt=""/>
      <caption webpage="index" alt=""/>
      <caption webpage="index" alt=""/>
      <caption webpage="sign-up" alt=""/>
      <caption webpage="sign-up" alt=""/>
      <caption webpage="blog-details" alt=""/>
      <caption webpage="blog-details" alt=""/>
      <caption webpage="products" alt=""/>
      <caption webpage="products" alt=""/>
      <caption webpage="contact-us" alt=""/>
      <caption webpage="contact-us" alt=""/>
      <caption webpage="about-us" alt=""/>
      <caption webpage="about-us" alt=""/>
    </file>
    <file name="account-icon.png" crc="330388921" seo="true" ref="index:about-us:products:blog:contact-us:products-details:blog-details:log-in:requests:sign-up">
      <caption webpage="products-details" alt=""/>
      <caption webpage="products-details" alt=""/>
      <caption webpage="products-details" alt=""/>
      <caption webpage="requests" alt=""/>
      <caption webpage="requests" alt=""/>
      <caption webpage="requests" alt=""/>
      <caption webpage="blog" alt=""/>
      <caption webpage="blog" alt=""/>
      <caption webpage="blog" alt=""/>
      <caption webpage="log-in" alt=""/>
      <caption webpage="log-in" alt=""/>
      <caption webpage="log-in" alt=""/>
      <caption webpage="index" alt=""/>
      <caption webpage="index" alt=""/>
      <caption webpage="index" alt=""/>
      <caption webpage="sign-up" alt=""/>
      <caption webpage="sign-up" alt=""/>
      <caption webpage="sign-up" alt=""/>
      <caption webpage="blog-details" alt=""/>
      <caption webpage="blog-details" alt=""/>
      <caption webpage="blog-details" alt=""/>
      <caption webpage="products" alt=""/>
      <caption webpage="products" alt=""/>
      <caption webpage="products" alt=""/>
      <caption webpage="contact-us" alt=""/>
      <caption webpage="contact-us" alt=""/>
      <caption webpage="contact-us" alt=""/>
      <caption webpage="about-us" alt=""/>
      <caption webpage="about-us" alt=""/>
      <caption webpage="about-us" alt=""/>
    </file>
    <file name="banner-img1.jpg" crc="4162136969" ref="index">
      <caption webpage="index" alt=""/>
    </file>
    <file name="banner-img2.jpg" crc="28970358" ref="index">
      <caption webpage="index" alt=""/>
    </file>
    <file name="product-img1.jpg" crc="4250752291" ref="index:products-details">
      <caption webpage="index" alt=""/>
    </file>
    <file name="product-img2.jpg" crc="141592707" ref="index:products-details">
      <caption webpage="index" alt=""/>
    </file>
    <file name="product-img3.jpg" crc="46541265" ref="index:products-details">
      <caption webpage="index" alt=""/>
    </file>
    <file name="product-img4.jpg" crc="3973753998" ref="index:products-details">
      <caption webpage="index" alt=""/>
    </file>
    <file name="star-img1.png" crc="197755401" seo="true" ref="index:products-details">
      <caption webpage="index" alt=""/>
      <caption webpage="index" alt=""/>
      <caption webpage="index" alt=""/>
      <caption webpage="index" alt=""/>
      <caption webpage="index" alt=""/>
      <caption webpage="index" alt=""/>
      <caption webpage="products-details" alt=""/>
      <caption webpage="products-details" alt=""/>
      <caption webpage="products-details" alt=""/>
      <caption webpage="products-details" alt=""/>
      <caption webpage="products-details" alt=""/>
      <caption webpage="products-details" alt=""/>
    </file>
    <file name="star-img2.png" crc="4224998340" seo="true" ref="index:products-details">
      <caption webpage="index" alt=""/>
      <caption webpage="index" alt=""/>
      <caption webpage="index" alt=""/>
      <caption webpage="index" alt=""/>
      <caption webpage="index" alt=""/>
      <caption webpage="index" alt=""/>
      <caption webpage="products-details" alt=""/>
      <caption webpage="products-details" alt=""/>
      <caption webpage="products-details" alt=""/>
      <caption webpage="products-details" alt=""/>
      <caption webpage="products-details" alt=""/>
      <caption webpage="products-details" alt=""/>
    </file>
    <file name="star-img3.png" crc="3813191654" seo="true" ref="index:products-details">
      <caption webpage="index" alt=""/>
      <caption webpage="index" alt=""/>
      <caption webpage="index" alt=""/>
      <caption webpage="index" alt=""/>
      <caption webpage="index" alt=""/>
      <caption webpage="index" alt=""/>
      <caption webpage="products-details" alt=""/>
      <caption webpage="products-details" alt=""/>
      <caption webpage="products-details" alt=""/>
      <caption webpage="products-details" alt=""/>
      <caption webpage="products-details" alt=""/>
      <caption webpage="products-details" alt=""/>
      <caption webpage="products-details" alt=""/>
      <caption webpage="products-details" alt=""/>
      <caption webpage="products-details" alt=""/>
      <caption webpage="products-details" alt=""/>
      <caption webpage="products-details" alt=""/>
      <caption webpage="products-details" alt=""/>
    </file>
    <file name="star-img4.png" crc="51416065" seo="true" ref="index:products-details">
      <caption webpage="index" alt=""/>
      <caption webpage="index" alt=""/>
      <caption webpage="index" alt=""/>
      <caption webpage="index" alt=""/>
      <caption webpage="index" alt=""/>
      <caption webpage="index" alt=""/>
      <caption webpage="products-details" alt=""/>
      <caption webpage="products-details" alt=""/>
      <caption webpage="products-details" alt=""/>
      <caption webpage="products-details" alt=""/>
      <caption webpage="products-details" alt=""/>
      <caption webpage="products-details" alt=""/>
    </file>
    <file name="product-thum-img1.jpg" crc="4099613609" ref="index:products-details">
      <caption webpage="index" alt=""/>
    </file>
    <file name="hand-holding-smartphone-png-image-1-u64264-fr.png" crc="289561423" ref="index"/>
    <file name="1496091490bed-room-furniture-free-download-png-u64279-fr.png" crc="4220888489" ref="index"/>
    <file name="product-cycle.png" crc="125668624" ref="index">
      <caption webpage="index" alt=""/>
    </file>
    <file name="hand-holding-smartphone-png-image-1.png" crc="4014247459" ref="index">
      <caption webpage="index" alt=""/>
      <caption webpage="index" alt=""/>
      <caption webpage="index" alt=""/>
    </file>
    <file name="1496091490bed-room-furniture-free-download-png.png" crc="3916877225" ref="index">
      <caption webpage="index" alt=""/>
    </file>
    <file name="product-small-img1.png" crc="4056020369" seo="true" ref="index">
      <caption webpage="index" alt=""/>
      <caption webpage="index" alt=""/>
      <caption webpage="index" alt=""/>
      <caption webpage="index" alt=""/>
      <caption webpage="index" alt=""/>
      <caption webpage="index" alt=""/>
      <caption webpage="index" alt=""/>
    </file>
    <file name="product-small-img2.png" crc="513730392" seo="true" ref="index">
      <caption webpage="index" alt=""/>
      <caption webpage="index" alt=""/>
      <caption webpage="index" alt=""/>
      <caption webpage="index" alt=""/>
      <caption webpage="index" alt=""/>
      <caption webpage="index" alt=""/>
    </file>
    <file name="product-small-img3.png" crc="4135101901" seo="true" ref="index">
      <caption webpage="index" alt=""/>
      <caption webpage="index" alt=""/>
      <caption webpage="index" alt=""/>
      <caption webpage="index" alt=""/>
      <caption webpage="index" alt=""/>
      <caption webpage="index" alt=""/>
    </file>
    <file name="product-small-img4.png" crc="3792772525" seo="true" ref="index">
      <caption webpage="index" alt=""/>
      <caption webpage="index" alt=""/>
      <caption webpage="index" alt=""/>
      <caption webpage="index" alt=""/>
      <caption webpage="index" alt=""/>
      <caption webpage="index" alt=""/>
    </file>
    <file name="product-small-img5.png" crc="211321146" seo="true" ref="index">
      <caption webpage="index" alt=""/>
      <caption webpage="index" alt=""/>
      <caption webpage="index" alt=""/>
      <caption webpage="index" alt=""/>
      <caption webpage="index" alt=""/>
      <caption webpage="index" alt=""/>
    </file>
    <file name="product-small-img6.png" crc="4278158590" seo="true" ref="index">
      <caption webpage="index" alt=""/>
      <caption webpage="index" alt=""/>
      <caption webpage="index" alt=""/>
      <caption webpage="index" alt=""/>
      <caption webpage="index" alt=""/>
      <caption webpage="index" alt=""/>
    </file>
    <file name="banner-img3.jpg" crc="3781793910" ref="index">
      <caption webpage="index" alt=""/>
    </file>
    <file name="about-mid-img.jpg" crc="86875054" ref="index:about-us">
      <caption webpage="index" alt=""/>
    </file>
    <file name="review-img1.jpg" crc="4286212885" ref="index:about-us">
      <caption webpage="index" alt=""/>
      <caption webpage="index" alt=""/>
      <caption webpage="index" alt=""/>
      <caption webpage="index" alt=""/>
      <caption webpage="index" alt=""/>
      <caption webpage="index" alt=""/>
      <caption webpage="index" alt=""/>
      <caption webpage="index" alt=""/>
      <caption webpage="index" alt=""/>
      <caption webpage="index" alt=""/>
      <caption webpage="index" alt=""/>
      <caption webpage="index" alt=""/>
      <caption webpage="about-us" alt=""/>
      <caption webpage="about-us" alt=""/>
      <caption webpage="about-us" alt=""/>
      <caption webpage="about-us" alt=""/>
      <caption webpage="about-us" alt=""/>
      <caption webpage="about-us" alt=""/>
      <caption webpage="about-us" alt=""/>
      <caption webpage="about-us" alt=""/>
      <caption webpage="about-us" alt=""/>
      <caption webpage="about-us" alt=""/>
      <caption webpage="about-us" alt=""/>
      <caption webpage="about-us" alt=""/>
    </file>
    <file name="blog-img1.jpg" crc="4256387399" ref="index:blog:requests">
      <caption webpage="index" alt=""/>
    </file>
    <file name="blog-img2.jpg" crc="390666823" ref="index:blog:requests">
      <caption webpage="index" alt=""/>
    </file>
    <file name="blog-img3.jpg" crc="4065352742" ref="index:blog:requests">
      <caption webpage="index" alt=""/>
    </file>
    <file name="branch-logo1.jpg" crc="113095592" ref="index">
      <caption webpage="index" alt=""/>
      <caption webpage="index" alt=""/>
      <caption webpage="index" alt=""/>
      <caption webpage="index" alt=""/>
      <caption webpage="index" alt=""/>
    </file>
    <file name="branch-logo2.jpg" crc="4266002131" ref="index">
      <caption webpage="index" alt=""/>
      <caption webpage="index" alt=""/>
      <caption webpage="index" alt=""/>
    </file>
    <file name="branch-logo3.jpg" crc="4120754561" ref="index">
      <caption webpage="index" alt=""/>
      <caption webpage="index" alt=""/>
      <caption webpage="index" alt=""/>
      <caption webpage="index" alt=""/>
    </file>
    <file name="branch-logo4.jpg" crc="4086797776" ref="index">
      <caption webpage="index" alt=""/>
      <caption webpage="index" alt=""/>
      <caption webpage="index" alt=""/>
      <caption webpage="index" alt=""/>
      <caption webpage="index" alt=""/>
    </file>
    <file name="branch-logo5.jpg" crc="28015678" ref="index">
      <caption webpage="index" alt=""/>
      <caption webpage="index" alt=""/>
      <caption webpage="index" alt=""/>
    </file>
    <file name="branch-logo6.jpg" crc="92748710" ref="index">
      <caption webpage="index" alt=""/>
      <caption webpage="index" alt=""/>
      <caption webpage="index" alt=""/>
    </file>
    <file name="footer-bg.jpg" crc="4056485523" ref="index">
      <caption webpage="index" alt=""/>
    </file>
    <file name="footer-logo.png" crc="3864828051" seo="true" ref="index:about-us:products:blog:contact-us:products-details:blog-details:log-in:requests:sign-up">
      <caption webpage="products-details" alt=""/>
      <caption webpage="products-details" alt=""/>
      <caption webpage="products-details" alt=""/>
      <caption webpage="products-details" alt=""/>
      <caption webpage="products-details" alt=""/>
      <caption webpage="products-details" alt=""/>
      <caption webpage="requests" alt=""/>
      <caption webpage="requests" alt=""/>
      <caption webpage="requests" alt=""/>
      <caption webpage="requests" alt=""/>
      <caption webpage="requests" alt=""/>
      <caption webpage="requests" alt=""/>
      <caption webpage="blog" alt=""/>
      <caption webpage="blog" alt=""/>
      <caption webpage="blog" alt=""/>
      <caption webpage="blog" alt=""/>
      <caption webpage="blog" alt=""/>
      <caption webpage="blog" alt=""/>
      <caption webpage="log-in" alt=""/>
      <caption webpage="log-in" alt=""/>
      <caption webpage="log-in" alt=""/>
      <caption webpage="log-in" alt=""/>
      <caption webpage="log-in" alt=""/>
      <caption webpage="log-in" alt=""/>
      <caption webpage="index" alt=""/>
      <caption webpage="index" alt=""/>
      <caption webpage="index" alt=""/>
      <caption webpage="index" alt=""/>
      <caption webpage="index" alt=""/>
      <caption webpage="index" alt=""/>
      <caption webpage="sign-up" alt=""/>
      <caption webpage="sign-up" alt=""/>
      <caption webpage="sign-up" alt=""/>
      <caption webpage="sign-up" alt=""/>
      <caption webpage="sign-up" alt=""/>
      <caption webpage="sign-up" alt=""/>
      <caption webpage="blog-details" alt=""/>
      <caption webpage="blog-details" alt=""/>
      <caption webpage="blog-details" alt=""/>
      <caption webpage="blog-details" alt=""/>
      <caption webpage="blog-details" alt=""/>
      <caption webpage="blog-details" alt=""/>
      <caption webpage="products" alt=""/>
      <caption webpage="products" alt=""/>
      <caption webpage="products" alt=""/>
      <caption webpage="products" alt=""/>
      <caption webpage="products" alt=""/>
      <caption webpage="products" alt=""/>
      <caption webpage="contact-us" alt=""/>
      <caption webpage="contact-us" alt=""/>
      <caption webpage="contact-us" alt=""/>
      <caption webpage="contact-us" alt=""/>
      <caption webpage="contact-us" alt=""/>
      <caption webpage="contact-us" alt=""/>
      <caption webpage="about-us" alt=""/>
      <caption webpage="about-us" alt=""/>
      <caption webpage="about-us" alt=""/>
      <caption webpage="about-us" alt=""/>
      <caption webpage="about-us" alt=""/>
      <caption webpage="about-us" alt=""/>
    </file>
    <file name="social-icon-facebook.png" crc="4290664533" ref="index:blog-details">
      <caption webpage="index" alt=""/>
      <caption webpage="index" alt=""/>
      <caption webpage="index" alt=""/>
      <caption webpage="index" alt=""/>
      <caption webpage="index" alt=""/>
      <caption webpage="index" alt=""/>
      <caption webpage="blog-details" alt=""/>
      <caption webpage="blog-details" alt=""/>
      <caption webpage="blog-details" alt=""/>
      <caption webpage="blog-details" alt=""/>
      <caption webpage="blog-details" alt=""/>
      <caption webpage="blog-details" alt=""/>
    </file>
    <file name="social-icon-facebook-white.png" crc="152773672" ref="index">
      <caption webpage="index" alt=""/>
      <caption webpage="index" alt=""/>
      <caption webpage="index" alt=""/>
      <caption webpage="index" alt=""/>
      <caption webpage="index" alt=""/>
      <caption webpage="index" alt=""/>
    </file>
    <file name="social-icon-twitter.png" crc="490568394" ref="index:blog-details">
      <caption webpage="index" alt=""/>
      <caption webpage="index" alt=""/>
      <caption webpage="index" alt=""/>
      <caption webpage="index" alt=""/>
      <caption webpage="index" alt=""/>
      <caption webpage="index" alt=""/>
      <caption webpage="blog-details" alt=""/>
      <caption webpage="blog-details" alt=""/>
      <caption webpage="blog-details" alt=""/>
      <caption webpage="blog-details" alt=""/>
      <caption webpage="blog-details" alt=""/>
      <caption webpage="blog-details" alt=""/>
    </file>
    <file name="social-icon-twitter-white.png" crc="3910787165" ref="index">
      <caption webpage="index" alt=""/>
      <caption webpage="index" alt=""/>
      <caption webpage="index" alt=""/>
      <caption webpage="index" alt=""/>
      <caption webpage="index" alt=""/>
      <caption webpage="index" alt=""/>
    </file>
    <file name="social-icon-pinterset.png" crc="3774048013" ref="index:blog-details">
      <caption webpage="index" alt=""/>
      <caption webpage="index" alt=""/>
      <caption webpage="index" alt=""/>
      <caption webpage="index" alt=""/>
      <caption webpage="index" alt=""/>
      <caption webpage="index" alt=""/>
      <caption webpage="blog-details" alt=""/>
      <caption webpage="blog-details" alt=""/>
      <caption webpage="blog-details" alt=""/>
      <caption webpage="blog-details" alt=""/>
      <caption webpage="blog-details" alt=""/>
      <caption webpage="blog-details" alt=""/>
    </file>
    <file name="social-icon-pinterset-white.png" crc="318232751" ref="index">
      <caption webpage="index" alt=""/>
      <caption webpage="index" alt=""/>
      <caption webpage="index" alt=""/>
      <caption webpage="index" alt=""/>
      <caption webpage="index" alt=""/>
      <caption webpage="index" alt=""/>
    </file>
    <file name="social-icon-instagram.png" crc="4119833403" ref="index:blog-details">
      <caption webpage="index" alt=""/>
      <caption webpage="index" alt=""/>
      <caption webpage="index" alt=""/>
      <caption webpage="index" alt=""/>
      <caption webpage="index" alt=""/>
      <caption webpage="index" alt=""/>
      <caption webpage="blog-details" alt=""/>
      <caption webpage="blog-details" alt=""/>
      <caption webpage="blog-details" alt=""/>
      <caption webpage="blog-details" alt=""/>
      <caption webpage="blog-details" alt=""/>
      <caption webpage="blog-details" alt=""/>
    </file>
    <file name="social-icon-instagram-white.png" crc="344430035" ref="index">
      <caption webpage="index" alt=""/>
      <caption webpage="index" alt=""/>
      <caption webpage="index" alt=""/>
      <caption webpage="index" alt=""/>
      <caption webpage="index" alt=""/>
      <caption webpage="index" alt=""/>
    </file>
    <file name="footer-gray-icon.png" crc="517022495" ref="index">
      <caption webpage="index" alt="Categories"/>
      <caption webpage="index" alt="About US"/>
      <caption webpage="index" alt="Our Blog"/>
      <caption webpage="index" alt="Trendy Item"/>
      <caption webpage="index" alt="Swap Free"/>
      <caption webpage="index" alt="Contact Us"/>
      <caption webpage="index" alt="Fashion"/>
      <caption webpage="index" alt="Products"/>
      <caption webpage="index" alt="Deals"/>
      <caption webpage="index" alt="Categories"/>
      <caption webpage="index" alt="Ladies Bag"/>
      <caption webpage="index" alt="Accessories"/>
      <caption webpage="index" alt="Categories"/>
      <caption webpage="index" alt="About US"/>
      <caption webpage="index" alt="Our Blog"/>
      <caption webpage="index" alt="Trendy Item"/>
      <caption webpage="index" alt="Swap Free"/>
      <caption webpage="index" alt="Contact Us"/>
      <caption webpage="index" alt="Fashion"/>
      <caption webpage="index" alt="Products"/>
      <caption webpage="index" alt="Deals"/>
      <caption webpage="index" alt="Categories"/>
      <caption webpage="index" alt="Ladies Bag"/>
      <caption webpage="index" alt="Accessories"/>
      <caption webpage="index" alt="Fashion"/>
      <caption webpage="index" alt="Products"/>
      <caption webpage="index" alt="Deals"/>
      <caption webpage="index" alt="Categories"/>
      <caption webpage="index" alt="Ladies Bag"/>
      <caption webpage="index" alt="Accessories"/>
      <caption webpage="index" alt="Categories"/>
      <caption webpage="index" alt="About US"/>
      <caption webpage="index" alt="Our Blog"/>
      <caption webpage="index" alt="Trendy Item"/>
      <caption webpage="index" alt="Swap Free"/>
      <caption webpage="index" alt="Contact Us"/>
      <caption webpage="index" alt="Categories"/>
      <caption webpage="index" alt="About US"/>
      <caption webpage="index" alt="Our Blog"/>
      <caption webpage="index" alt="Trendy Item"/>
      <caption webpage="index" alt="Swap Free"/>
      <caption webpage="index" alt="Contact Us"/>
      <caption webpage="index" alt="Fashion"/>
      <caption webpage="index" alt="Products"/>
      <caption webpage="index" alt="Deals"/>
      <caption webpage="index" alt="Categories"/>
      <caption webpage="index" alt="Ladies Bag"/>
      <caption webpage="index" alt="Accessories"/>
      <caption webpage="index" alt="Categories"/>
      <caption webpage="index" alt="About US"/>
      <caption webpage="index" alt="Our Blog"/>
      <caption webpage="index" alt="Trendy Item"/>
      <caption webpage="index" alt="Swap Free"/>
      <caption webpage="index" alt="Contact Us"/>
      <caption webpage="index" alt="Fashion"/>
      <caption webpage="index" alt="Products"/>
      <caption webpage="index" alt="Deals"/>
      <caption webpage="index" alt="Categories"/>
      <caption webpage="index" alt="Ladies Bag"/>
      <caption webpage="index" alt="Accessories"/>
      <caption webpage="index" alt="Categories"/>
      <caption webpage="index" alt="About US"/>
      <caption webpage="index" alt="Our Blog"/>
      <caption webpage="index" alt="Trendy Item"/>
      <caption webpage="index" alt="Swap Free"/>
      <caption webpage="index" alt="Contact Us"/>
      <caption webpage="index" alt="Fashion"/>
      <caption webpage="index" alt="Products"/>
      <caption webpage="index" alt="Deals"/>
      <caption webpage="index" alt="Categories"/>
      <caption webpage="index" alt="Ladies Bag"/>
      <caption webpage="index" alt="Accessories"/>
    </file>
    <file name="footer-red-icon.png" crc="114891759" ref="index:products-details">
      <caption webpage="index" alt="Categories"/>
      <caption webpage="index" alt="About US"/>
      <caption webpage="index" alt="Our Blog"/>
      <caption webpage="index" alt="Trendy Item"/>
      <caption webpage="index" alt="Swap Free"/>
      <caption webpage="index" alt="Contact Us"/>
      <caption webpage="index" alt="Fashion"/>
      <caption webpage="index" alt="Products"/>
      <caption webpage="index" alt="Deals"/>
      <caption webpage="index" alt="Categories"/>
      <caption webpage="index" alt="Ladies Bag"/>
      <caption webpage="index" alt="Accessories"/>
      <caption webpage="index" alt="Categories"/>
      <caption webpage="index" alt="About US"/>
      <caption webpage="index" alt="Our Blog"/>
      <caption webpage="index" alt="Trendy Item"/>
      <caption webpage="index" alt="Swap Free"/>
      <caption webpage="index" alt="Contact Us"/>
      <caption webpage="index" alt="Fashion"/>
      <caption webpage="index" alt="Products"/>
      <caption webpage="index" alt="Deals"/>
      <caption webpage="index" alt="Categories"/>
      <caption webpage="index" alt="Ladies Bag"/>
      <caption webpage="index" alt="Accessories"/>
      <caption webpage="index" alt="Fashion"/>
      <caption webpage="index" alt="Products"/>
      <caption webpage="index" alt="Deals"/>
      <caption webpage="index" alt="Categories"/>
      <caption webpage="index" alt="Ladies Bag"/>
      <caption webpage="index" alt="Accessories"/>
      <caption webpage="index" alt="Categories"/>
      <caption webpage="index" alt="About US"/>
      <caption webpage="index" alt="Our Blog"/>
      <caption webpage="index" alt="Trendy Item"/>
      <caption webpage="index" alt="Swap Free"/>
      <caption webpage="index" alt="Contact Us"/>
      <caption webpage="index" alt="Categories"/>
      <caption webpage="index" alt="About US"/>
      <caption webpage="index" alt="Our Blog"/>
      <caption webpage="index" alt="Trendy Item"/>
      <caption webpage="index" alt="Swap Free"/>
      <caption webpage="index" alt="Contact Us"/>
      <caption webpage="index" alt="Fashion"/>
      <caption webpage="index" alt="Products"/>
      <caption webpage="index" alt="Deals"/>
      <caption webpage="index" alt="Categories"/>
      <caption webpage="index" alt="Ladies Bag"/>
      <caption webpage="index" alt="Accessories"/>
      <caption webpage="index" alt="Categories"/>
      <caption webpage="index" alt="About US"/>
      <caption webpage="index" alt="Our Blog"/>
      <caption webpage="index" alt="Trendy Item"/>
      <caption webpage="index" alt="Swap Free"/>
      <caption webpage="index" alt="Contact Us"/>
      <caption webpage="index" alt="Fashion"/>
      <caption webpage="index" alt="Products"/>
      <caption webpage="index" alt="Deals"/>
      <caption webpage="index" alt="Categories"/>
      <caption webpage="index" alt="Ladies Bag"/>
      <caption webpage="index" alt="Accessories"/>
      <caption webpage="index" alt="Categories"/>
      <caption webpage="index" alt="About US"/>
      <caption webpage="index" alt="Our Blog"/>
      <caption webpage="index" alt="Trendy Item"/>
      <caption webpage="index" alt="Swap Free"/>
      <caption webpage="index" alt="Contact Us"/>
      <caption webpage="index" alt="Fashion"/>
      <caption webpage="index" alt="Products"/>
      <caption webpage="index" alt="Deals"/>
      <caption webpage="index" alt="Categories"/>
      <caption webpage="index" alt="Ladies Bag"/>
      <caption webpage="index" alt="Accessories"/>
      <caption webpage="products-details" alt="Odio malorum invidunt meiea adhuc indoctum."/>
      <caption webpage="products-details" alt="Tantas possim complectitur ea vim."/>
      <caption webpage="products-details" alt="Odio malorum invidunt meiea adhuc indoctum."/>
      <caption webpage="products-details" alt="Tantas possim complectitur ea vim."/>
      <caption webpage="products-details" alt="Odio malorum invidunt meiea adhuc indoctum."/>
      <caption webpage="products-details" alt="Tantas possim complectitur ea vim."/>
      <caption webpage="products-details" alt="Odio malorum invidunt meiea adhuc indoctum."/>
      <caption webpage="products-details" alt="Tantas possim complectitur ea vim."/>
      <caption webpage="products-details" alt="Odio malorum invidunt meiea adhuc indoctum."/>
      <caption webpage="products-details" alt="Tantas possim complectitur ea vim."/>
      <caption webpage="products-details" alt="Odio malorum invidunt meiea adhuc indoctum."/>
      <caption webpage="products-details" alt="Tantas possim complectitur ea vim."/>
    </file>
    <file name="fliker-img1.jpg" crc="349127519" ref="index">
      <caption webpage="index" alt=""/>
    </file>
    <file name="fliker-img2.jpg" crc="15060187" ref="index">
      <caption webpage="index" alt=""/>
    </file>
    <file name="fliker-img4.jpg" crc="4231269384" ref="index">
      <caption webpage="index" alt=""/>
    </file>
    <file name="fliker-img5.jpg" crc="284126991" ref="index">
      <caption webpage="index" alt=""/>
    </file>
    <file name="fliker-img3.jpg" crc="3960787237" ref="index">
      <caption webpage="index" alt=""/>
    </file>
    <file name="fliker-img6.jpg" crc="158598822" ref="index">
      <caption webpage="index" alt=""/>
    </file>
    <file name="slider-im355x252.png" crc="208726844" seo="true" ref="index">
      <caption webpage="index" alt=""/>
      <caption webpage="index" alt=""/>
    </file>
    <file name="product-cycle-u64355-fr.png" crc="506343025" ref="index"/>
    <file name="1496091490bed-room-furniture-free-download-png-u64437-fr.png" crc="3976910994" ref="index"/>
    <file name="mobile-menu.png" crc="3822016660" ref="index">
      <caption webpage="index" alt=""/>
      <caption webpage="index" alt=""/>
      <caption webpage="index" alt=""/>
    </file>
    <file name="mobile-menu-close--1.png" crc="207737595" ref="index">
      <caption webpage="index" alt=""/>
      <caption webpage="index" alt=""/>
      <caption webpage="index" alt=""/>
    </file>
    <file name="product-cycle-u64355-fr2.png" crc="266700803" ref="index"/>
    <file name="hand-holding-smartphone-png-image-1-u64396-fr.png" crc="333289538" ref="index"/>
    <file name="1496091490bed-room-furniture-free-download-png-u64437-fr2.png" crc="3959784421" ref="index"/>
    <file name="slider-im257x182.png" crc="427221872" seo="true" ref="index">
      <caption webpage="index" alt=""/>
      <caption webpage="index" alt=""/>
    </file>
    <file name="product-thum-img1-u64198-fr.jpg" crc="3994394700" ref="index"/>
    <file name="hand-holding-smartphone-png-image-1-u64264-fr2.png" crc="112822622" ref="index"/>
    <file name="1496091490bed-room-furniture-free-download-png-u64279-fr2.png" crc="3948805773" ref="index"/>
    <file name="product-cycle-u64355-fr3.png" crc="265079146" ref="index"/>
    <file name="hand-holding-smartphone-png-image-1-u64396-fr2.png" crc="446878052" ref="index"/>
    <file name="1496091490bed-room-furniture-free-download-png-u64437-fr3.png" crc="289585798" ref="index"/>
    <file name="header-b.jpg" crc="121094193" ref="about-us:products:blog:contact-us:products-details:blog-details:log-in:requests:sign-up">
      <caption webpage="about-us" alt=""/>
    </file>
    <file name="team-img1.jpg" crc="170771089" ref="about-us">
      <caption webpage="about-us" alt=""/>
    </file>
    <file name="team-img2.jpg" crc="403810598" ref="about-us">
      <caption webpage="about-us" alt=""/>
    </file>
    <file name="team-img3.jpg" crc="459744605" ref="about-us">
      <caption webpage="about-us" alt=""/>
    </file>
    <file name="header-b-u62978-fr.jpg" crc="228703681" ref="about-us:products:blog:contact-us:products-details:blog-details:log-in:requests:sign-up"/>
    <file name="header-b-u62978-fr2.jpg" crc="143288649" ref="about-us:products:blog:contact-us:products-details:blog-details:log-in:requests:sign-up"/>
    <file name="1496091490bed-room-furniture-free-download-png-u76244-fr.png" crc="474967562" ref="products"/>
    <file name="blog-img4.jpg" crc="432522919" ref="blog:requests">
      <caption webpage="blog" alt=""/>
    </file>
    <file name="blog-img5.jpg" crc="3775718099" ref="blog:requests">
      <caption webpage="blog" alt=""/>
    </file>
    <file name="blog-img6.jpg" crc="4088289264" ref="blog:requests">
      <caption webpage="blog" alt=""/>
    </file>
    <file name="right-arrow-icon.png" crc="4178596856" ref="blog:requests">
      <caption webpage="requests" alt=""/>
      <caption webpage="requests" alt=""/>
      <caption webpage="requests" alt=""/>
      <caption webpage="requests" alt=""/>
      <caption webpage="requests" alt=""/>
      <caption webpage="requests" alt=""/>
      <caption webpage="blog" alt=""/>
      <caption webpage="blog" alt=""/>
      <caption webpage="blog" alt=""/>
      <caption webpage="blog" alt=""/>
      <caption webpage="blog" alt=""/>
      <caption webpage="blog" alt=""/>
    </file>
    <file name="left-arrow-icon.png" crc="349267496" ref="blog:requests">
      <caption webpage="requests" alt=""/>
      <caption webpage="requests" alt=""/>
      <caption webpage="requests" alt=""/>
      <caption webpage="requests" alt=""/>
      <caption webpage="requests" alt=""/>
      <caption webpage="requests" alt=""/>
      <caption webpage="requests" alt=""/>
      <caption webpage="requests" alt=""/>
      <caption webpage="requests" alt=""/>
      <caption webpage="requests" alt=""/>
      <caption webpage="requests" alt=""/>
      <caption webpage="requests" alt=""/>
      <caption webpage="blog" alt=""/>
      <caption webpage="blog" alt=""/>
      <caption webpage="blog" alt=""/>
      <caption webpage="blog" alt=""/>
      <caption webpage="blog" alt=""/>
      <caption webpage="blog" alt=""/>
      <caption webpage="blog" alt=""/>
      <caption webpage="blog" alt=""/>
      <caption webpage="blog" alt=""/>
      <caption webpage="blog" alt=""/>
      <caption webpage="blog" alt=""/>
      <caption webpage="blog" alt=""/>
    </file>
    <file name="phone-icon2.png" crc="3900059843" seo="true" ref="contact-us">
      <caption webpage="contact-us" alt=""/>
      <caption webpage="contact-us" alt=""/>
      <caption webpage="contact-us" alt=""/>
      <caption webpage="contact-us" alt=""/>
      <caption webpage="contact-us" alt=""/>
      <caption webpage="contact-us" alt=""/>
    </file>
    <file name="location-icon.png" crc="197308470" seo="true" ref="contact-us">
      <caption webpage="contact-us" alt=""/>
      <caption webpage="contact-us" alt=""/>
      <caption webpage="contact-us" alt=""/>
      <caption webpage="contact-us" alt=""/>
      <caption webpage="contact-us" alt=""/>
      <caption webpage="contact-us" alt=""/>
    </file>
    <file name="envlop-icon.png" crc="4008751667" seo="true" ref="contact-us">
      <caption webpage="contact-us" alt=""/>
      <caption webpage="contact-us" alt=""/>
      <caption webpage="contact-us" alt=""/>
      <caption webpage="contact-us" alt=""/>
      <caption webpage="contact-us" alt=""/>
      <caption webpage="contact-us" alt=""/>
    </file>
    <file name="product-thum-img2.jpg" crc="402224579" ref="products-details">
      <caption webpage="products-details" alt=""/>
    </file>
    <file name="product-thum-img3.jpg" crc="315661229" ref="products-details">
      <caption webpage="products-details" alt=""/>
    </file>
    <file name="product-cycle-u71374-fr.png" crc="3894857394" ref="products-details"/>
    <file name="left-items.png" crc="3884967833" seo="true" ref="products-details">
      <caption webpage="products-details" alt=""/>
      <caption webpage="products-details" alt=""/>
      <caption webpage="products-details" alt=""/>
      <caption webpage="products-details" alt=""/>
      <caption webpage="products-details" alt=""/>
      <caption webpage="products-details" alt=""/>
    </file>
    <file name="product-thum-img1-u71392-fr.jpg" crc="39389400" ref="products-details"/>
    <file name="product-thum-img2-u71393-fr.jpg" crc="412005470" ref="products-details"/>
    <file name="product-thum-img3-u71394-fr.jpg" crc="221674274" ref="products-details"/>
    <file name="product-cycle-u71374-fr2.png" crc="23203405" ref="products-details"/>
    <file name="blog-bg.jpg" crc="4064017887" ref="blog-details">
      <caption webpage="blog-details" alt=""/>
    </file>
    <file name="search-icon.png" crc="4047036926" seo="true" ref="blog-details">
      <caption webpage="blog-details" alt=""/>
      <caption webpage="blog-details" alt=""/>
      <caption webpage="blog-details" alt=""/>
      <caption webpage="blog-details" alt=""/>
      <caption webpage="blog-details" alt=""/>
      <caption webpage="blog-details" alt=""/>
    </file>
    <file name="blog-img1-u55172-fr.jpg" crc="4013627671" ref="blog-details"/>
    <file name="blog-img2-u55173-fr.jpg" crc="380119211" ref="blog-details"/>
    <file name="blog-img6-u55174-fr.jpg" crc="165233416" ref="blog-details"/>
    <file name="admin-icon.png" crc="4128768752" seo="true" ref="blog-details">
      <caption webpage="blog-details" alt=""/>
      <caption webpage="blog-details" alt=""/>
      <caption webpage="blog-details" alt=""/>
      <caption webpage="blog-details" alt=""/>
      <caption webpage="blog-details" alt=""/>
      <caption webpage="blog-details" alt=""/>
    </file>
    <file name="trend-icon.png" crc="463698231" seo="true" ref="blog-details">
      <caption webpage="blog-details" alt=""/>
      <caption webpage="blog-details" alt=""/>
      <caption webpage="blog-details" alt=""/>
      <caption webpage="blog-details" alt=""/>
      <caption webpage="blog-details" alt=""/>
      <caption webpage="blog-details" alt=""/>
    </file>
    <file name="video-bg.jpg" crc="103629029" ref="blog-details">
      <caption webpage="blog-details" alt=""/>
    </file>
    <file name="play-icon.png" crc="4155587002" seo="true" ref="blog-details">
      <caption webpage="blog-details" alt=""/>
      <caption webpage="blog-details" alt=""/>
      <caption webpage="blog-details" alt=""/>
      <caption webpage="blog-details" alt=""/>
      <caption webpage="blog-details" alt=""/>
      <caption webpage="blog-details" alt=""/>
    </file>
    <file name="quets.png" crc="4023578665" seo="true" ref="blog-details">
      <caption webpage="blog-details" alt=""/>
      <caption webpage="blog-details" alt=""/>
      <caption webpage="blog-details" alt=""/>
      <caption webpage="blog-details" alt=""/>
      <caption webpage="blog-details" alt=""/>
      <caption webpage="blog-details" alt=""/>
    </file>
    <file name="author-img.jpg" crc="35289456" ref="blog-details">
      <caption webpage="blog-details" alt=""/>
    </file>
    <file name="comments-img1.jpg" crc="421512799" ref="blog-details">
      <caption webpage="blog-details" alt=""/>
    </file>
    <file name="comments-img2.jpg" crc="4036215612" ref="blog-details">
      <caption webpage="blog-details" alt=""/>
    </file>
    <file name="blog-bg-u55185-fr.jpg" crc="110134138" ref="blog-details"/>
    <file name="blog-bg-u55185-fr2.jpg" crc="3869097826" ref="blog-details"/>
    <file name="author-img-u55213-fr.jpg" crc="4084669101" ref="blog-details"/>
    <file name="comments-img1-u55214-fr.jpg" crc="317964902" ref="blog-details"/>
    <file name="comments-img2-u55215-fr.jpg" crc="3861800869" ref="blog-details"/>
  </folder>
  <file name="index.html" crc="330650810" seo="true" mt="1548004766360" redirect="true"/>
  <file name="about-us.html" crc="92205863" seo="true" mt="1545046910302" redirect="true"/>
  <file name="products.html" crc="4294767538" seo="true" mt="1545128957076" redirect="true"/>
  <file name="blog.html" crc="3793352251" seo="true" mt="1545070654473" redirect="true"/>
  <file name="contact-us.html" crc="3931953414" seo="true" mt="1545055315792" redirect="true"/>
  <file name="products-details.html" crc="457529961" seo="true" mt="1545046910302" redirect="true"/>
  <file name="blog-details.html" crc="258529485" seo="true" mt="1545133221814" redirect="true"/>
  <file name="log-in.html" crc="113349950" seo="true" mt="1545140624273" redirect="true"/>
  <file name="requests.html" crc="3923114392" seo="true" mt="1545052058185" redirect="true"/>
  <file name="sign-up.html" crc="4255294923" seo="true" mt="1545138164973" redirect="true"/>
</manifest>